<metadata xml:lang="en"><Esri><CreaDate>20250331</CreaDate><CreaTime>13553400</CreaTime><ArcGISFormat>1.0</ArcGISFormat><SyncOnce>FALSE</SyncOnce><DataProperties><itemProps><itemName Sync="TRUE">text</itemName><imsContentType Sync="TRUE">002</imsContentType><itemLocation><linkage Sync="TRUE">file://\\USER-PC\C$\Users\Admin2\Desktop\MGIS\Spring2025\internet GIS\Labs\lAB4\text.dbf</linkage><protocol Sync="TRUE">Local Area Network</protocol></itemLocation><itemSize Sync="TRUE">0.000</itemSize></itemProps><coordRef><type Sync="TRUE">Projected</type><geogcsn Sync="TRUE">GCS_North_American_1983</geogcsn><csUnits Sync="TRUE">Linear Unit: Meter (1.000000)</csUnits><projcsn Sync="TRUE">NAD_1983_UTM_Zone_10N</projcsn><peXml Sync="TRUE">&lt;ProjectedCoordinateSystem xsi:type='typens:ProjectedCoordinateSystem' xmlns:xsi='http://www.w3.org/2001/XMLSchema-instance' xmlns:xs='http://www.w3.org/2001/XMLSchema' xmlns:typens='http://www.esri.com/schemas/ArcGIS/2.7.0'&gt;&lt;WKT&gt;PROJCS[&amp;quot;NAD_1983_UTM_Zone_10N&amp;quot;,GEOGCS[&amp;quot;GCS_North_American_1983&amp;quot;,DATUM[&amp;quot;D_North_American_1983&amp;quot;,SPHEROID[&amp;quot;GRS_1980&amp;quot;,6378137.0,298.257222101]],PRIMEM[&amp;quot;Greenwich&amp;quot;,0.0],UNIT[&amp;quot;Degree&amp;quot;,0.0174532925199433]],PROJECTION[&amp;quot;Transverse_Mercator&amp;quot;],PARAMETER[&amp;quot;False_Easting&amp;quot;,500000.0],PARAMETER[&amp;quot;False_Northing&amp;quot;,0.0],PARAMETER[&amp;quot;Central_Meridian&amp;quot;,-123.0],PARAMETER[&amp;quot;Scale_Factor&amp;quot;,0.9996],PARAMETER[&amp;quot;Latitude_Of_Origin&amp;quot;,0.0],UNIT[&amp;quot;Meter&amp;quot;,1.0],AUTHORITY[&amp;quot;EPSG&amp;quot;,26910]]&lt;/WKT&gt;&lt;XOrigin&gt;-5120900&lt;/XOrigin&gt;&lt;YOrigin&gt;-9998100&lt;/YOrigin&gt;&lt;XYScale&gt;10000&lt;/XYScale&gt;&lt;ZOrigin&gt;-100000&lt;/ZOrigin&gt;&lt;ZScale&gt;10000&lt;/ZScale&gt;&lt;MOrigin&gt;-100000&lt;/MOrigin&gt;&lt;MScale&gt;10000&lt;/MScale&gt;&lt;XYTolerance&gt;0.001&lt;/XYTolerance&gt;&lt;ZTolerance&gt;0.001&lt;/ZTolerance&gt;&lt;MTolerance&gt;0.001&lt;/MTolerance&gt;&lt;HighPrecision&gt;true&lt;/HighPrecision&gt;&lt;WKID&gt;26910&lt;/WKID&gt;&lt;LatestWKID&gt;26910&lt;/LatestWKID&gt;&lt;/ProjectedCoordinateSystem&gt;</peXml></coordRef><lineage><Process ToolSource="c:\users\admin2\appdata\local\programs\arcgis\pro\Resources\ArcToolbox\toolboxes\Conversion Tools.tbx\FeatureClassToFeatureClass" Date="20250331" Time="114406">FeatureClassToFeatureClass Schools "C:\Users\Admin2\Documents\ArcGIS\Projects\WORKING WITH GOOGLE MAPS JAVASCRIPT API\WORKING WITH GOOGLE MAPS JAVASCRIPT API.gdb" NDSS1 # "NAME "NAME" true true false 50 Text 0 0,First,#,Schools,NAME,0,50;MAPBLAST "MAPBLAST" true true false 13 Text 0 0,First,#,Schools,MAPBLAST,0,13;DISTRICT "DISTRICT" true true false 19 Double 0 19,First,#,Schools,DISTRICT,-1,-1;SCHOOL "SCHOOL" true true false 19 Double 0 19,First,#,Schools,SCHOOL,-1,-1;ADDRESS "ADDRESS" true true false 30 Text 0 0,First,#,Schools,ADDRESS,0,30;CITY "CITY" true true false 30 Text 0 0,First,#,Schools,CITY,0,30;PROVINCE "PROVINCE" true true false 30 Text 0 0,First,#,Schools,PROVINCE,0,30;POSTALCODE "POSTALCODE" true true false 30 Text 0 0,First,#,Schools,POSTALCODE,0,30;PHONE "PHONE" true true false 30 Text 0 0,First,#,Schools,PHONE,0,30;FAX "FAX" true true false 30 Text 0 0,First,#,Schools,FAX,0,30;PRINCIPAL "PRINCIPAL" true true false 30 Text 0 0,First,#,Schools,PRINCIPAL,0,30;EMAIL "EMAIL" true true false 30 Text 0 0,First,#,Schools,EMAIL,0,30;TYPE "TYPE" true true false 30 Text 0 0,First,#,Schools,TYPE,0,30;GRADES "GRADES" true true false 30 Text 0 0,First,#,Schools,GRADES,0,30;GRADESTART "GRADESTART" true true false 30 Double 0 30,First,#,Schools,GRADESTART,-1,-1;GRADEEND "GRADEEND" true true false 30 Double 0 30,First,#,Schools,GRADEEND,-1,-1;GRADES_CAT "GRADES_CAT" true true false 30 Text 0 0,First,#,Schools,GRADES_CAT,0,30;PRIM_K_3 "PRIM_K_3" true true false 19 Double 0 19,First,#,Schools,PRIM_K_3,-1,-1;ELEM_4_7 "ELEM_4_7" true true false 19 Double 0 19,First,#,Schools,ELEM_4_7,-1,-1;JR_SEC_8_1 "JR_SEC_8_1" true true false 30 Double 0 30,First,#,Schools,JR_SEC_8_1,-1,-1;SR_SEC_11_ "SR_SEC_11_" true true false 30 Double 0 30,First,#,Schools,SR_SEC_11_,-1,-1;GR_EU "GR_EU" true true false 19 Double 0 19,First,#,Schools,GR_EU,-1,-1;GR_KH "GR_KH" true true false 19 Double 0 19,First,#,Schools,GR_KH,-1,-1;GR_KF "GR_KF" true true false 19 Double 0 19,First,#,Schools,GR_KF,-1,-1;GR_01 "GR_01" true true false 19 Double 0 19,First,#,Schools,GR_01,-1,-1;GR_02 "GR_02" true true false 19 Double 0 19,First,#,Schools,GR_02,-1,-1;GR_03 "GR_03" true true false 19 Double 0 19,First,#,Schools,GR_03,-1,-1;GR_04 "GR_04" true true false 19 Double 0 19,First,#,Schools,GR_04,-1,-1;GR_05 "GR_05" true true false 19 Double 0 19,First,#,Schools,GR_05,-1,-1;GR_06 "GR_06" true true false 19 Double 0 19,First,#,Schools,GR_06,-1,-1;GR_07 "GR_07" true true false 19 Double 0 19,First,#,Schools,GR_07,-1,-1;GR_08 "GR_08" true true false 19 Double 0 19,First,#,Schools,GR_08,-1,-1;GR_09 "GR_09" true true false 19 Double 0 19,First,#,Schools,GR_09,-1,-1;GR_10 "GR_10" true true false 19 Double 0 19,First,#,Schools,GR_10,-1,-1;GR_11 "GR_11" true true false 19 Double 0 19,First,#,Schools,GR_11,-1,-1;GR_12 "GR_12" true true false 19 Double 0 19,First,#,Schools,GR_12,-1,-1;GR_SU "GR_SU" true true false 19 Double 0 19,First,#,Schools,GR_SU,-1,-1;GR_HS "GR_HS" true true false 19 Double 0 19,First,#,Schools,GR_HS,-1,-1;HC_F "HC_F" true true false 19 Double 0 19,First,#,Schools,HC_F,-1,-1;HC_M "HC_M" true true false 19 Double 0 19,First,#,Schools,HC_M,-1,-1;FTE_F "FTE_F" true true false 19 Double 0 19,First,#,Schools,FTE_F,-1,-1;FTE_M "FTE_M" true true false 19 Double 0 19,First,#,Schools,FTE_M,-1,-1;TEACH_K_7 "TEACH_K_7" true true false 19 Double 0 19,First,#,Schools,TEACH_K_7,-1,-1;TEACH_8_12 "TEACH_8_12" true true false 19 Double 0 19,First,#,Schools,TEACH_8_12,-1,-1;FIRST_NATI "FIRST_NATI" true true false 19 Double 0 19,First,#,Schools,FIRST_NATI,-1,-1;STATUS_IND "STATUS_IND" true true false 19 Double 0 19,First,#,Schools,STATUS_IND,-1,-1;ESL "ESL" true true false 30 Double 0 30,First,#,Schools,ESL,-1,-1;CORE_FRENC "CORE_FRENC" true true false 30 Text 0 0,First,#,Schools,CORE_FRENC,0,30;PROG_FRANC "PROG_FRANC" true true false 30 Double 0 30,First,#,Schools,PROG_FRANC,-1,-1;EARLY_FREN "EARLY_FREN" true true false 30 Double 0 30,First,#,Schools,EARLY_FREN,-1,-1;LATE_FRENC "LATE_FRENC" true true false 30 Double 0 30,First,#,Schools,LATE_FRENC,-1,-1;ABOR_CULT "ABOR_CULT" true true false 30 Double 0 30,First,#,Schools,ABOR_CULT,-1,-1;ABOR_SUPP "ABOR_SUPP" true true false 30 Double 0 30,First,#,Schools,ABOR_SUPP,-1,-1;OTHER_ABOR "OTHER_ABOR" true true false 30 Text 0 0,First,#,Schools,OTHER_ABOR,0,30;CAREER_PRE "CAREER_PRE" true true false 30 Text 0 0,First,#,Schools,CAREER_PRE,0,30;CO_OP_EDUC "CO_OP_EDUC" true true false 30 Double 0 30,First,#,Schools,CO_OP_EDUC,-1,-1;APPRENTICE "APPRENTICE" true true false 30 Double 0 30,First,#,Schools,APPRENTICE,-1,-1;CAREER_TEC "CAREER_TEC" true true false 30 Double 0 30,First,#,Schools,CAREER_TEC,-1,-1;PHYS_DEP "PHYS_DEP" true true false 30 Double 0 30,First,#,Schools,PHYS_DEP,-1,-1;DEAF_BLIND "DEAF_BLIND" true true false 30 Double 0 30,First,#,Schools,DEAF_BLIND,-1,-1;MOD_INT_DI "MOD_INT_DI" true true false 30 Text 0 0,First,#,Schools,MOD_INT_DI,0,30;PHYS_DIS "PHYS_DIS" true true false 30 Text 0 0,First,#,Schools,PHYS_DIS,0,30;VISUAL_IMP "VISUAL_IMP" true true false 30 Double 0 30,First,#,Schools,VISUAL_IMP,-1,-1;DEAF_HARD "DEAF_HARD" true true false 30 Double 0 30,First,#,Schools,DEAF_HARD,-1,-1;AUTISM "AUTISM" true true false 30 Text 0 0,First,#,Schools,AUTISM,0,30;BEHAV_INT "BEHAV_INT" true true false 30 Text 0 0,First,#,Schools,BEHAV_INT,0,30;MILD_INTEL "MILD_INTEL" true true false 30 Text 0 0,First,#,Schools,MILD_INTEL,0,30;GIFTED "GIFTED" true true false 30 Text 0 0,First,#,Schools,GIFTED,0,30;LEARN_DIS "LEARN_DIS" true true false 30 Text 0 0,First,#,Schools,LEARN_DIS,0,30;MOD_BEHAV "MOD_BEHAV" true true false 30 Text 0 0,First,#,Schools,MOD_BEHAV,0,30;ENGLISH "ENGLISH" true true false 19 Double 0 19,First,#,Schools,ENGLISH,-1,-1;FRENCH "FRENCH" true true false 30 Text 0 0,First,#,Schools,FRENCH,0,30;OTHER_LANG "OTHER_LANG" true true false 30 Text 0 0,First,#,Schools,OTHER_LANG,0,30;PHYS_ADDR "PHYS_ADDR" true true false 30 Text 0 0,First,#,Schools,PHYS_ADDR,0,30;PHYS_CITY "PHYS_CITY" true true false 30 Text 0 0,First,#,Schools,PHYS_CITY,0,30;PHYS_PROV "PHYS_PROV" true true false 30 Text 0 0,First,#,Schools,PHYS_PROV,0,30;PHYS_PC "PHYS_PC" true true false 30 Text 0 0,First,#,Schools,PHYS_PC,0,30" #</Process><Process ToolSource="c:\users\admin2\appdata\local\programs\arcgis\pro\Resources\ArcToolbox\toolboxes\Data Management Tools.tbx\Project" Date="20250331" Time="135534">Project NDSS1 "C:\Users\Admin2\Documents\ArcGIS\Projects\WORKING WITH GOOGLE MAPS JAVASCRIPT API\WORKING WITH GOOGLE MAPS JAVASCRIPT API.gdb\NDSS1_SchoolsG" GEOGCS['GCS_WGS_1984',DATUM['D_WGS_1984',SPHEROID['WGS_1984',6378137.0,298.257223563]],PRIMEM['Greenwich',0.0],UNIT['Degree',0.0174532925199433]] WGS_1984_(ITRF00)_To_NAD_1983 PROJCS['NAD_1983_UTM_Zone_10N',GEOGCS['GCS_North_American_1983',DATUM['D_North_American_1983',SPHEROID['GRS_1980',6378137.0,298.257222101]],PRIMEM['Greenwich',0.0],UNIT['Degree',0.0174532925199433]],PROJECTION['Transverse_Mercator'],PARAMETER['False_Easting',500000.0],PARAMETER['False_Northing',0.0],PARAMETER['Central_Meridian',-123.0],PARAMETER['Scale_Factor',0.9996],PARAMETER['Latitude_Of_Origin',0.0],UNIT['Meter',1.0]] NO_PRESERVE_SHAPE # NO_VERTICAL</Process><Process ToolSource="c:\users\admin2\appdata\local\programs\arcgis\pro\Resources\ArcToolbox\toolboxes\Data Management Tools.tbx\DeleteField" Date="20250331" Time="135555">DeleteField NDSS1_SchoolsG MAPBLAST</Process><Process ToolSource="c:\users\admin2\appdata\local\programs\arcgis\pro\Resources\ArcToolbox\toolboxes\Data Management Tools.tbx\DeleteField" Date="20250331" Time="135601">DeleteField NDSS1_SchoolsG DISTRICT</Process><Process ToolSource="c:\users\admin2\appdata\local\programs\arcgis\pro\Resources\ArcToolbox\toolboxes\Data Management Tools.tbx\DeleteField" Date="20250331" Time="135606">DeleteField NDSS1_SchoolsG SCHOOL</Process><Process ToolSource="c:\users\admin2\appdata\local\programs\arcgis\pro\Resources\ArcToolbox\toolboxes\Data Management Tools.tbx\DeleteField" Date="20250331" Time="135612">DeleteField NDSS1_SchoolsG ADDRESS</Process><Process ToolSource="c:\users\admin2\appdata\local\programs\arcgis\pro\Resources\ArcToolbox\toolboxes\Data Management Tools.tbx\DeleteField" Date="20250331" Time="135616">DeleteField NDSS1_SchoolsG CITY</Process><Process ToolSource="c:\users\admin2\appdata\local\programs\arcgis\pro\Resources\ArcToolbox\toolboxes\Data Management Tools.tbx\DeleteField" Date="20250331" Time="135621">DeleteField NDSS1_SchoolsG PROVINCE</Process><Process ToolSource="c:\users\admin2\appdata\local\programs\arcgis\pro\Resources\ArcToolbox\toolboxes\Data Management Tools.tbx\DeleteField" Date="20250331" Time="135626">DeleteField NDSS1_SchoolsG POSTALCODE</Process><Process ToolSource="c:\users\admin2\appdata\local\programs\arcgis\pro\Resources\ArcToolbox\toolboxes\Data Management Tools.tbx\DeleteField" Date="20250331" Time="135635">DeleteField NDSS1_SchoolsG PHONE</Process><Process ToolSource="c:\users\admin2\appdata\local\programs\arcgis\pro\Resources\ArcToolbox\toolboxes\Data Management Tools.tbx\DeleteField" Date="20250331" Time="135639">DeleteField NDSS1_SchoolsG FAX</Process><Process ToolSource="c:\users\admin2\appdata\local\programs\arcgis\pro\Resources\ArcToolbox\toolboxes\Data Management Tools.tbx\DeleteField" Date="20250331" Time="135644">DeleteField NDSS1_SchoolsG PRINCIPAL</Process><Process ToolSource="c:\users\admin2\appdata\local\programs\arcgis\pro\Resources\ArcToolbox\toolboxes\Data Management Tools.tbx\DeleteField" Date="20250331" Time="135650">DeleteField NDSS1_SchoolsG EMAIL</Process><Process ToolSource="c:\users\admin2\appdata\local\programs\arcgis\pro\Resources\ArcToolbox\toolboxes\Data Management Tools.tbx\DeleteField" Date="20250331" Time="135654">DeleteField NDSS1_SchoolsG TYPE</Process><Process ToolSource="c:\users\admin2\appdata\local\programs\arcgis\pro\Resources\ArcToolbox\toolboxes\Data Management Tools.tbx\DeleteField" Date="20250331" Time="135658">DeleteField NDSS1_SchoolsG GRADES</Process><Process ToolSource="c:\users\admin2\appdata\local\programs\arcgis\pro\Resources\ArcToolbox\toolboxes\Data Management Tools.tbx\DeleteField" Date="20250331" Time="135703">DeleteField NDSS1_SchoolsG GRADESTART</Process><Process ToolSource="c:\users\admin2\appdata\local\programs\arcgis\pro\Resources\ArcToolbox\toolboxes\Data Management Tools.tbx\DeleteField" Date="20250331" Time="135707">DeleteField NDSS1_SchoolsG GRADEEND</Process><Process ToolSource="c:\users\admin2\appdata\local\programs\arcgis\pro\Resources\ArcToolbox\toolboxes\Data Management Tools.tbx\DeleteField" Date="20250331" Time="135711">DeleteField NDSS1_SchoolsG GRADES_CAT</Process><Process ToolSource="c:\users\admin2\appdata\local\programs\arcgis\pro\Resources\ArcToolbox\toolboxes\Data Management Tools.tbx\DeleteField" Date="20250331" Time="135715">DeleteField NDSS1_SchoolsG PRIM_K_3</Process><Process ToolSource="c:\users\admin2\appdata\local\programs\arcgis\pro\Resources\ArcToolbox\toolboxes\Data Management Tools.tbx\DeleteField" Date="20250331" Time="135721">DeleteField NDSS1_SchoolsG ELEM_4_7</Process><Process ToolSource="c:\users\admin2\appdata\local\programs\arcgis\pro\Resources\ArcToolbox\toolboxes\Data Management Tools.tbx\DeleteField" Date="20250331" Time="135724">DeleteField NDSS1_SchoolsG JR_SEC_8_1</Process><Process ToolSource="c:\users\admin2\appdata\local\programs\arcgis\pro\Resources\ArcToolbox\toolboxes\Data Management Tools.tbx\DeleteField" Date="20250331" Time="135729">DeleteField NDSS1_SchoolsG SR_SEC_11_</Process><Process ToolSource="c:\users\admin2\appdata\local\programs\arcgis\pro\Resources\ArcToolbox\toolboxes\Data Management Tools.tbx\DeleteField" Date="20250331" Time="135734">DeleteField NDSS1_SchoolsG GR_EU</Process><Process ToolSource="c:\users\admin2\appdata\local\programs\arcgis\pro\Resources\ArcToolbox\toolboxes\Data Management Tools.tbx\DeleteField" Date="20250331" Time="135739">DeleteField NDSS1_SchoolsG GR_KH</Process><Process ToolSource="c:\users\admin2\appdata\local\programs\arcgis\pro\Resources\ArcToolbox\toolboxes\Data Management Tools.tbx\DeleteField" Date="20250331" Time="135743">DeleteField NDSS1_SchoolsG GR_KF</Process><Process ToolSource="c:\users\admin2\appdata\local\programs\arcgis\pro\Resources\ArcToolbox\toolboxes\Data Management Tools.tbx\DeleteField" Date="20250331" Time="135747">DeleteField NDSS1_SchoolsG GR_01</Process><Process ToolSource="c:\users\admin2\appdata\local\programs\arcgis\pro\Resources\ArcToolbox\toolboxes\Data Management Tools.tbx\DeleteField" Date="20250331" Time="135751">DeleteField NDSS1_SchoolsG GR_02</Process><Process ToolSource="c:\users\admin2\appdata\local\programs\arcgis\pro\Resources\ArcToolbox\toolboxes\Data Management Tools.tbx\DeleteField" Date="20250331" Time="135756">DeleteField NDSS1_SchoolsG GR_03</Process><Process ToolSource="c:\users\admin2\appdata\local\programs\arcgis\pro\Resources\ArcToolbox\toolboxes\Data Management Tools.tbx\DeleteField" Date="20250331" Time="135800">DeleteField NDSS1_SchoolsG GR_04</Process><Process ToolSource="c:\users\admin2\appdata\local\programs\arcgis\pro\Resources\ArcToolbox\toolboxes\Data Management Tools.tbx\DeleteField" Date="20250331" Time="135804">DeleteField NDSS1_SchoolsG GR_05</Process><Process ToolSource="c:\users\admin2\appdata\local\programs\arcgis\pro\Resources\ArcToolbox\toolboxes\Data Management Tools.tbx\DeleteField" Date="20250331" Time="135808">DeleteField NDSS1_SchoolsG GR_06</Process><Process ToolSource="c:\users\admin2\appdata\local\programs\arcgis\pro\Resources\ArcToolbox\toolboxes\Data Management Tools.tbx\DeleteField" Date="20250331" Time="135946">DeleteField NDSS1_SchoolsG GR_07</Process><Process ToolSource="c:\users\admin2\appdata\local\programs\arcgis\pro\Resources\ArcToolbox\toolboxes\Data Management Tools.tbx\DeleteField" Date="20250331" Time="135950">DeleteField NDSS1_SchoolsG GR_08</Process><Process ToolSource="c:\users\admin2\appdata\local\programs\arcgis\pro\Resources\ArcToolbox\toolboxes\Data Management Tools.tbx\DeleteField" Date="20250331" Time="135955">DeleteField NDSS1_SchoolsG GR_09</Process><Process ToolSource="c:\users\admin2\appdata\local\programs\arcgis\pro\Resources\ArcToolbox\toolboxes\Data Management Tools.tbx\DeleteField" Date="20250331" Time="135959">DeleteField NDSS1_SchoolsG GR_10</Process><Process ToolSource="c:\users\admin2\appdata\local\programs\arcgis\pro\Resources\ArcToolbox\toolboxes\Data Management Tools.tbx\DeleteField" Date="20250331" Time="140004">DeleteField NDSS1_SchoolsG GR_11</Process><Process ToolSource="c:\users\admin2\appdata\local\programs\arcgis\pro\Resources\ArcToolbox\toolboxes\Data Management Tools.tbx\DeleteField" Date="20250331" Time="140008">DeleteField NDSS1_SchoolsG GR_12</Process><Process ToolSource="c:\users\admin2\appdata\local\programs\arcgis\pro\Resources\ArcToolbox\toolboxes\Data Management Tools.tbx\DeleteField" Date="20250331" Time="140013">DeleteField NDSS1_SchoolsG GR_SU</Process><Process ToolSource="c:\users\admin2\appdata\local\programs\arcgis\pro\Resources\ArcToolbox\toolboxes\Data Management Tools.tbx\DeleteField" Date="20250331" Time="140017">DeleteField NDSS1_SchoolsG GR_HS</Process><Process ToolSource="c:\users\admin2\appdata\local\programs\arcgis\pro\Resources\ArcToolbox\toolboxes\Data Management Tools.tbx\DeleteField" Date="20250331" Time="140021">DeleteField NDSS1_SchoolsG HC_F</Process><Process ToolSource="c:\users\admin2\appdata\local\programs\arcgis\pro\Resources\ArcToolbox\toolboxes\Data Management Tools.tbx\DeleteField" Date="20250331" Time="140026">DeleteField NDSS1_SchoolsG HC_M</Process><Process ToolSource="c:\users\admin2\appdata\local\programs\arcgis\pro\Resources\ArcToolbox\toolboxes\Data Management Tools.tbx\DeleteField" Date="20250331" Time="140030">DeleteField NDSS1_SchoolsG FTE_F</Process><Process ToolSource="c:\users\admin2\appdata\local\programs\arcgis\pro\Resources\ArcToolbox\toolboxes\Data Management Tools.tbx\DeleteField" Date="20250331" Time="140034">DeleteField NDSS1_SchoolsG FTE_M</Process><Process ToolSource="c:\users\admin2\appdata\local\programs\arcgis\pro\Resources\ArcToolbox\toolboxes\Data Management Tools.tbx\DeleteField" Date="20250331" Time="140038">DeleteField NDSS1_SchoolsG TEACH_K_7</Process><Process ToolSource="c:\users\admin2\appdata\local\programs\arcgis\pro\Resources\ArcToolbox\toolboxes\Data Management Tools.tbx\DeleteField" Date="20250331" Time="140043">DeleteField NDSS1_SchoolsG TEACH_8_12</Process><Process ToolSource="c:\users\admin2\appdata\local\programs\arcgis\pro\Resources\ArcToolbox\toolboxes\Data Management Tools.tbx\DeleteField" Date="20250331" Time="140047">DeleteField NDSS1_SchoolsG FIRST_NATI</Process><Process ToolSource="c:\users\admin2\appdata\local\programs\arcgis\pro\Resources\ArcToolbox\toolboxes\Data Management Tools.tbx\DeleteField" Date="20250331" Time="140052">DeleteField NDSS1_SchoolsG STATUS_IND</Process><Process ToolSource="c:\users\admin2\appdata\local\programs\arcgis\pro\Resources\ArcToolbox\toolboxes\Data Management Tools.tbx\DeleteField" Date="20250331" Time="140056">DeleteField NDSS1_SchoolsG ESL</Process><Process ToolSource="c:\users\admin2\appdata\local\programs\arcgis\pro\Resources\ArcToolbox\toolboxes\Data Management Tools.tbx\DeleteField" Date="20250331" Time="140101">DeleteField NDSS1_SchoolsG CORE_FRENC</Process><Process ToolSource="c:\users\admin2\appdata\local\programs\arcgis\pro\Resources\ArcToolbox\toolboxes\Data Management Tools.tbx\DeleteField" Date="20250331" Time="140105">DeleteField NDSS1_SchoolsG PROG_FRANC</Process><Process ToolSource="c:\users\admin2\appdata\local\programs\arcgis\pro\Resources\ArcToolbox\toolboxes\Data Management Tools.tbx\DeleteField" Date="20250331" Time="140109">DeleteField NDSS1_SchoolsG EARLY_FREN</Process><Process ToolSource="c:\users\admin2\appdata\local\programs\arcgis\pro\Resources\ArcToolbox\toolboxes\Data Management Tools.tbx\DeleteField" Date="20250331" Time="140114">DeleteField NDSS1_SchoolsG LATE_FRENC</Process><Process ToolSource="c:\users\admin2\appdata\local\programs\arcgis\pro\Resources\ArcToolbox\toolboxes\Data Management Tools.tbx\DeleteField" Date="20250331" Time="140118">DeleteField NDSS1_SchoolsG ABOR_CULT</Process><Process ToolSource="c:\users\admin2\appdata\local\programs\arcgis\pro\Resources\ArcToolbox\toolboxes\Data Management Tools.tbx\DeleteField" Date="20250331" Time="140122">DeleteField NDSS1_SchoolsG ABOR_SUPP</Process><Process ToolSource="c:\users\admin2\appdata\local\programs\arcgis\pro\Resources\ArcToolbox\toolboxes\Data Management Tools.tbx\DeleteField" Date="20250331" Time="140126">DeleteField NDSS1_SchoolsG OTHER_ABOR</Process><Process ToolSource="c:\users\admin2\appdata\local\programs\arcgis\pro\Resources\ArcToolbox\toolboxes\Data Management Tools.tbx\DeleteField" Date="20250331" Time="140130">DeleteField NDSS1_SchoolsG CAREER_PRE</Process><Process ToolSource="c:\users\admin2\appdata\local\programs\arcgis\pro\Resources\ArcToolbox\toolboxes\Data Management Tools.tbx\DeleteField" Date="20250331" Time="140134">DeleteField NDSS1_SchoolsG CO_OP_EDUC</Process><Process ToolSource="c:\users\admin2\appdata\local\programs\arcgis\pro\Resources\ArcToolbox\toolboxes\Data Management Tools.tbx\DeleteField" Date="20250331" Time="140139">DeleteField NDSS1_SchoolsG APPRENTICE</Process><Process ToolSource="c:\users\admin2\appdata\local\programs\arcgis\pro\Resources\ArcToolbox\toolboxes\Data Management Tools.tbx\DeleteField" Date="20250331" Time="140143">DeleteField NDSS1_SchoolsG CAREER_TEC</Process><Process ToolSource="c:\users\admin2\appdata\local\programs\arcgis\pro\Resources\ArcToolbox\toolboxes\Data Management Tools.tbx\DeleteField" Date="20250331" Time="140147">DeleteField NDSS1_SchoolsG PHYS_DEP</Process><Process ToolSource="c:\users\admin2\appdata\local\programs\arcgis\pro\Resources\ArcToolbox\toolboxes\Data Management Tools.tbx\DeleteField" Date="20250331" Time="140151">DeleteField NDSS1_SchoolsG DEAF_BLIND</Process><Process ToolSource="c:\users\admin2\appdata\local\programs\arcgis\pro\Resources\ArcToolbox\toolboxes\Data Management Tools.tbx\DeleteField" Date="20250331" Time="140155">DeleteField NDSS1_SchoolsG MOD_INT_DI</Process><Process ToolSource="c:\users\admin2\appdata\local\programs\arcgis\pro\Resources\ArcToolbox\toolboxes\Data Management Tools.tbx\DeleteField" Date="20250331" Time="140159">DeleteField NDSS1_SchoolsG PHYS_DIS</Process><Process ToolSource="c:\users\admin2\appdata\local\programs\arcgis\pro\Resources\ArcToolbox\toolboxes\Data Management Tools.tbx\DeleteField" Date="20250331" Time="140227">DeleteField NDSS1_SchoolsG VISUAL_IMP;DEAF_HARD;AUTISM;BEHAV_INT;MILD_INTEL</Process><Process ToolSource="c:\users\admin2\appdata\local\programs\arcgis\pro\Resources\ArcToolbox\toolboxes\Data Management Tools.tbx\DeleteField" Date="20250331" Time="140238">DeleteField NDSS1_SchoolsG GIFTED;LEARN_DIS;MOD_BEHAV;ENGLISH;FRENCH;OTHER_LANG;PHYS_ADDR;PHYS_CITY;PHYS_PROV;PHYS_PC</Process><Process ToolSource="c:\users\admin2\appdata\local\programs\arcgis\pro\Resources\ArcToolbox\toolboxes\Data Management Tools.tbx\AddXY" Date="20250331" Time="140439">AddXY NDSS1_SchoolsG</Process><Process ToolSource="c:\users\admin2\appdata\local\programs\arcgis\pro\Resources\ArcToolbox\toolboxes\Conversion Tools.tbx\TableToTable" Date="20250331" Time="142506">TableToTable NDSS1_SchoolsG "C:\Users\Admin2\Desktop\MGIS\Spring2025\internet GIS\Labs\lAB4" text.dbf # "NAME "NAME" true true false 50 Text 0 0,First,#,NDSS1_SchoolsG,NAME,0,50;POINT_X "POINT_X" true true false 8 Double 0 0,First,#,NDSS1_SchoolsG,POINT_X,-1,-1;POINT_Y "POINT_Y" true true false 8 Double 0 0,First,#,NDSS1_SchoolsG,POINT_Y,-1,-1" #</Process></lineage></DataProperties><SyncDate>20250331</SyncDate><SyncTime>14250600</SyncTime><ModDate>20250331</ModDate><ModTime>14250600</ModTime></Esri><dataIdInfo><envirDesc Sync="TRUE">Microsoft Windows 10 Version 10.0 (Build 19045) ; Esri ArcGIS 12.7.0.26828</envirDesc><dataLang><languageCode value="eng" Sync="TRUE"></languageCode><countryCode value="USA" Sync="TRUE"></countryCode></dataLang><idCitation><resTitle Sync="TRUE">text</resTitle><presForm><PresFormCd value="011" Sync="TRUE"></PresFormCd></presForm></idCitation><spatRpType><SpatRepTypCd value="003" Sync="TRUE"></SpatRepTypCd></spatRpType></dataIdInfo><mdLang><languageCode value="eng" Sync="TRUE"></languageCode><countryCode value="USA" Sync="TRUE"></countryCode></mdLang><distInfo><distFormat><formatName Sync="TRUE">dBASE Table</formatName></distFormat><distTranOps><transSize Sync="TRUE">0.000</transSize></distTranOps></distInfo><mdHrLv><ScopeCd value="007" Sync="TRUE"></ScopeCd></mdHrLv><mdHrLvName Sync="TRUE">dataset</mdHrLvName><refSysInfo><RefSystem><refSysID><identCode code="26910" Sync="TRUE"></identCode><idCodeSpace Sync="TRUE">EPSG</idCodeSpace><idVersion Sync="TRUE">6.13(3.0.1)</idVersion></refSysID></RefSystem></refSysInfo><spatRepInfo><VectSpatRep><geometObjs Name="NDSS1"><geoObjTyp><GeoObjTypCd value="004" Sync="TRUE"></GeoObjTypCd></geoObjTyp><geoObjCnt Sync="TRUE">0</geoObjCnt></geometObjs><topLvl><TopoLevCd value="001" Sync="TRUE"></TopoLevCd></topLvl></VectSpatRep></spatRepInfo><spdoinfo><ptvctinf><esriterm Name="NDSS1"><efeatyp Sync="TRUE">Simple</efeatyp><efeageom code="1" Sync="TRUE"></efeageom><esritopo Sync="TRUE">FALSE</esritopo><efeacnt Sync="TRUE">0</efeacnt><spindex Sync="TRUE">TRUE</spindex><linrefer Sync="TRUE">FALSE</linrefer></esriterm></ptvctinf></spdoinfo><eainfo><detailed Name="text"><enttyp><enttypl Sync="TRUE">text</enttypl><enttypt Sync="TRUE">Table</enttypt><enttypc Sync="TRUE">0</enttypc></enttyp><attr><attrlabl Sync="TRUE">OID</attrlabl><attalias Sync="TRUE">OID</attalias><attrtype Sync="TRUE">OID</attrtype><attwidth Sync="TRUE">4</attwidth><atprecis Sync="TRUE">0</atprecis><attscale Sync="TRUE">0</attscale><attrdef Sync="TRUE">Internal feature number.</attrdef><attrdefs Sync="TRUE">Esri</attrdefs><attrdomv><udom Sync="TRUE">Sequential unique whole numbers that are automatically generated.</udom></attrdomv></attr><attr><attrlabl Sync="TRUE">NAME</attrlabl><attalias Sync="TRUE">NAME</attalias><attrtype Sync="TRUE">String</attrtype><attwidth Sync="TRUE">50</attwidth><atprecis Sync="TRUE">0</atprecis><attscale Sync="TRUE">0</attscale></attr><attr><attrlabl Sync="TRUE">POINT_X</attrlabl><attalias Sync="TRUE">POINT_X</attalias><attrtype Sync="TRUE">Double</attrtype><attwidth Sync="TRUE">19</attwidth><atprecis Sync="TRUE">0</atprecis><attscale Sync="TRUE">0</attscale></attr><attr><attrlabl Sync="TRUE">POINT_Y</attrlabl><attalias Sync="TRUE">POINT_Y</attalias><attrtype Sync="TRUE">Double</attrtype><attwidth Sync="TRUE">19</attwidth><atprecis Sync="TRUE">0</atprecis><attscale Sync="TRUE">0</attscale></attr></detailed></eainfo><mdDateSt Sync="TRUE">20250331</mdDateSt></metadata>
